#
# Protons precipitation map
# Simulation setup: southward IMF, same Solar wind as Aizawa et al. (2021)
# Simulation code: iPIC3D
# Simulation path: /home/flavorenti/Bureau/data_simu_iPIC3D/Mercury_SaeInit/PR1/minusBz-newbox/texts/
# Grid X-Axis (first row): local time [deg] from 0 to 360 with 50 equispaced bins
# Grid Y-Axis (first column): latitude [deg.] from -90 to 90 with 25 equispaced bins
# Signature: Federico Lavorenti
#
nan	3.600,10.800,18.000,25.200,32.400,39.600,46.800,54.000,61.200,68.400,75.600,82.800,90.000,97.200,104.400,111.600,118.800,126.000,133.200,140.400,147.600,154.800,162.000,169.200,176.400,183.600,190.800,198.000,205.200,212.400,219.600,226.800,234.000,241.200,248.400,255.600,262.800,270.000,277.200,284.400,291.600,298.800,306.000,313.200,320.400,327.600,334.800,342.000,349.200,356.400,
-86.400,nan,nan,nan,nan,nan,nan,nan,nan,nan,nan,nan,nan,nan,nan,nan,nan,nan,nan,nan,nan,nan,nan,nan,nan,nan,nan,nan,nan,nan,nan,nan,nan,nan,nan,nan,nan,nan,nan,nan,nan,nan,nan,nan,nan,nan,nan,nan,nan,nan,nan,
-79.200,nan,nan,nan,nan,nan,nan,nan,nan,nan,nan,nan,nan,nan,nan,nan,nan,nan,nan,nan,nan,1.922e+03,1.533e+03,nan,1.598e+03,1.543e+03,nan,nan,nan,nan,nan,nan,nan,nan,nan,nan,nan,nan,nan,nan,nan,nan,nan,nan,nan,nan,nan,nan,nan,nan,nan,
-72.000,nan,nan,nan,nan,nan,nan,nan,nan,nan,nan,nan,nan,nan,nan,nan,nan,7.206e+03,6.706e+03,5.293e+03,5.241e+03,4.676e+03,2.537e+03,3.203e+03,2.026e+03,2.577e+03,2.100e+03,2.574e+03,nan,nan,nan,nan,nan,nan,nan,nan,nan,nan,nan,nan,nan,nan,nan,nan,nan,nan,nan,nan,nan,nan,nan,
-64.800,nan,nan,nan,nan,nan,nan,nan,nan,nan,nan,nan,nan,nan,nan,1.088e+04,4.267e+03,4.139e+03,3.521e+03,3.092e+03,3.473e+03,3.890e+03,3.423e+03,2.485e+03,3.815e+03,1.970e+03,2.047e+03,1.686e+03,nan,nan,nan,2.626e+03,nan,nan,nan,nan,nan,nan,nan,nan,nan,nan,nan,nan,nan,nan,nan,nan,nan,nan,nan,
-57.600,nan,nan,nan,nan,nan,nan,nan,nan,nan,nan,nan,nan,nan,2.613e+03,2.557e+03,2.878e+03,2.711e+03,2.555e+03,2.939e+03,4.145e+03,3.527e+03,1.961e+03,1.814e+03,1.744e+03,1.720e+03,1.775e+03,1.821e+03,1.834e+03,nan,nan,nan,nan,nan,nan,nan,nan,nan,nan,nan,nan,nan,nan,nan,nan,nan,nan,nan,nan,nan,nan,
-50.400,nan,nan,nan,nan,nan,nan,nan,nan,nan,nan,5.066e+03,3.824e+03,3.995e+03,2.762e+03,2.705e+03,2.492e+03,2.286e+03,2.367e+03,3.355e+03,4.743e+03,1.767e+03,1.796e+03,1.744e+03,1.830e+03,1.788e+03,1.788e+03,2.937e+03,1.719e+03,nan,nan,nan,nan,nan,nan,nan,nan,nan,nan,nan,nan,nan,nan,nan,nan,nan,nan,nan,nan,nan,nan,
-43.200,nan,nan,nan,nan,nan,nan,nan,nan,nan,4.161e+03,2.965e+03,2.774e+03,2.686e+03,2.505e+03,2.454e+03,2.199e+03,2.111e+03,2.445e+03,3.980e+03,5.326e+03,3.639e+03,2.078e+03,1.739e+03,1.838e+03,2.216e+03,2.359e+03,1.521e+03,4.612e+03,1.751e+03,1.958e+03,nan,nan,nan,nan,nan,nan,nan,nan,nan,nan,nan,nan,nan,nan,nan,nan,nan,nan,nan,nan,
-36.000,nan,nan,nan,nan,nan,nan,nan,6.305e+03,4.152e+03,3.256e+03,2.910e+03,2.451e+03,2.295e+03,2.435e+03,2.204e+03,2.507e+03,2.403e+03,3.069e+03,5.259e+03,nan,3.988e+03,3.305e+03,2.616e+03,2.166e+03,3.447e+03,3.807e+03,3.988e+03,3.437e+03,3.449e+03,3.748e+03,3.063e+03,nan,nan,nan,nan,nan,nan,nan,nan,nan,nan,nan,nan,nan,nan,nan,nan,nan,nan,nan,
-28.800,nan,nan,6.184e+03,3.474e+03,4.466e+03,3.514e+03,6.722e+03,4.077e+03,3.567e+03,2.829e+03,2.360e+03,2.154e+03,2.314e+03,2.397e+03,2.995e+03,3.471e+03,4.326e+03,3.934e+03,8.531e+03,4.320e+03,3.790e+03,5.330e+03,4.088e+03,3.840e+03,4.294e+03,4.057e+03,4.500e+03,4.441e+03,4.169e+03,3.722e+03,3.966e+03,nan,nan,nan,nan,nan,nan,nan,nan,nan,nan,nan,nan,nan,nan,nan,nan,nan,nan,nan,
-21.600,5.898e+03,5.235e+03,4.519e+03,4.644e+03,3.106e+03,3.587e+03,3.450e+03,2.863e+03,2.654e+03,2.277e+03,2.115e+03,1.923e+03,2.086e+03,2.142e+03,3.508e+03,5.492e+03,5.927e+03,3.321e+03,2.521e+03,2.267e+03,5.084e+03,4.437e+03,3.568e+03,3.625e+03,4.799e+03,4.032e+03,4.467e+03,4.217e+03,4.174e+03,3.922e+03,nan,nan,nan,nan,nan,nan,nan,nan,nan,nan,nan,nan,1.563e+03,nan,nan,nan,nan,nan,nan,1.836e+04,
-14.400,6.944e+03,6.461e+03,5.608e+03,5.838e+03,4.592e+03,4.017e+03,3.560e+03,3.198e+03,2.727e+03,2.276e+03,2.066e+03,2.137e+03,2.002e+03,2.144e+03,2.745e+03,5.315e+03,5.362e+03,3.314e+03,2.260e+03,2.013e+03,4.071e+03,5.367e+03,4.833e+03,7.525e+03,5.477e+03,4.265e+03,nan,nan,nan,nan,nan,nan,nan,nan,nan,nan,nan,nan,nan,nan,nan,6.426e+03,6.056e+03,5.999e+03,6.379e+03,7.786e+03,8.176e+03,7.765e+03,7.305e+03,7.157e+03,
-7.200,7.672e+03,7.782e+03,7.666e+03,6.930e+03,5.344e+03,4.323e+03,4.244e+03,3.966e+03,3.142e+03,2.466e+03,2.175e+03,2.359e+03,2.158e+03,2.053e+03,2.152e+03,4.221e+03,6.424e+03,4.370e+03,3.823e+03,nan,nan,nan,nan,6.046e+03,4.749e+03,3.745e+03,nan,nan,nan,nan,nan,nan,nan,nan,nan,nan,nan,nan,nan,nan,nan,4.748e+03,5.527e+03,5.497e+03,6.908e+03,7.237e+03,7.729e+03,8.133e+03,8.041e+03,8.090e+03,
0.000,7.872e+03,7.380e+03,7.540e+03,6.555e+03,4.505e+03,3.902e+03,3.746e+03,3.433e+03,2.756e+03,2.386e+03,2.644e+03,3.707e+03,3.333e+03,2.997e+03,3.320e+03,3.906e+03,6.760e+03,4.644e+03,3.526e+03,nan,nan,4.328e+03,nan,4.742e+03,3.698e+03,3.398e+03,nan,nan,nan,nan,nan,nan,nan,nan,nan,nan,nan,nan,nan,nan,nan,nan,4.742e+03,4.971e+03,4.815e+03,5.137e+03,5.478e+03,6.140e+03,6.694e+03,7.360e+03,
7.200,5.531e+03,5.401e+03,5.492e+03,4.650e+03,3.567e+03,2.988e+03,2.892e+03,2.787e+03,2.642e+03,2.622e+03,3.641e+03,3.135e+03,4.782e+03,4.921e+03,4.793e+03,3.174e+03,4.662e+03,nan,nan,nan,nan,5.605e+03,nan,nan,2.740e+03,nan,nan,nan,nan,nan,nan,nan,nan,nan,nan,nan,nan,nan,nan,nan,nan,nan,nan,nan,4.613e+03,3.551e+03,3.331e+03,3.893e+03,4.387e+03,5.190e+03,
14.400,3.603e+03,4.082e+03,3.830e+03,3.230e+03,3.063e+03,3.082e+03,3.099e+03,3.012e+03,2.656e+03,3.311e+03,3.180e+03,3.571e+03,7.114e+03,5.113e+03,4.292e+03,2.341e+03,3.437e+03,4.903e+03,nan,nan,nan,nan,nan,nan,nan,nan,nan,nan,nan,nan,nan,nan,nan,nan,nan,nan,nan,nan,nan,nan,nan,nan,nan,nan,4.195e+03,5.952e+03,3.194e+03,4.016e+03,3.292e+03,3.491e+03,
21.600,4.412e+03,4.410e+03,3.929e+03,3.406e+03,3.057e+03,2.819e+03,2.926e+03,2.713e+03,2.856e+03,4.358e+03,3.921e+03,2.779e+03,4.046e+03,4.859e+03,4.303e+03,3.136e+03,4.803e+03,nan,nan,nan,nan,nan,nan,nan,nan,nan,nan,nan,nan,nan,nan,nan,nan,nan,nan,nan,nan,nan,nan,nan,nan,nan,nan,6.759e+03,2.292e+03,3.892e+03,3.677e+03,3.766e+03,3.704e+03,4.167e+03,
28.800,6.611e+03,7.202e+03,6.771e+03,5.645e+03,4.213e+03,3.495e+03,3.317e+03,3.012e+03,2.576e+03,2.352e+03,3.088e+03,3.815e+03,3.233e+03,3.165e+03,3.618e+03,3.446e+03,2.355e+03,nan,nan,nan,nan,nan,nan,nan,nan,nan,nan,nan,nan,nan,nan,nan,nan,nan,nan,nan,nan,nan,nan,nan,nan,nan,4.978e+03,4.368e+03,3.986e+03,4.376e+03,5.227e+03,5.422e+03,5.823e+03,6.222e+03,
36.000,8.515e+03,8.315e+03,8.447e+03,6.802e+03,5.276e+03,4.761e+03,4.320e+03,3.486e+03,2.719e+03,2.291e+03,2.151e+03,2.162e+03,2.506e+03,2.349e+03,2.182e+03,7.184e+03,2.828e+03,nan,nan,nan,nan,nan,nan,nan,nan,nan,nan,nan,nan,nan,nan,nan,nan,nan,nan,nan,nan,nan,nan,nan,nan,3.504e+03,4.377e+03,4.801e+03,5.420e+03,5.875e+03,6.665e+03,7.323e+03,7.756e+03,7.899e+03,
43.200,8.107e+03,7.099e+03,7.411e+03,5.307e+03,4.735e+03,4.460e+03,3.804e+03,3.148e+03,2.357e+03,2.122e+03,2.070e+03,2.117e+03,1.941e+03,1.948e+03,2.626e+03,2.074e+03,nan,3.141e+03,nan,nan,nan,nan,2.393e+03,2.747e+03,3.628e+03,5.047e+03,nan,nan,nan,nan,nan,nan,nan,nan,nan,nan,nan,nan,nan,nan,nan,nan,4.173e+03,4.891e+03,5.491e+03,5.065e+03,6.306e+03,6.475e+03,7.271e+03,8.442e+03,
50.400,7.004e+03,6.814e+03,7.371e+03,5.487e+03,4.563e+03,3.485e+03,3.040e+03,2.236e+03,2.153e+03,2.018e+03,1.874e+03,1.792e+03,1.675e+03,2.069e+03,nan,6.552e+03,nan,nan,nan,nan,4.365e+03,3.274e+03,3.164e+03,3.840e+03,3.410e+03,5.385e+03,nan,nan,nan,nan,nan,nan,nan,nan,nan,nan,nan,nan,nan,nan,nan,nan,nan,nan,nan,nan,nan,nan,9.957e+03,nan,
57.600,nan,nan,nan,nan,nan,nan,nan,nan,1.859e+03,2.087e+03,1.949e+03,3.430e+03,2.029e+03,2.282e+03,2.320e+03,2.420e+03,4.139e+03,nan,nan,nan,nan,4.068e+03,3.759e+03,4.494e+03,3.973e+03,3.934e+03,3.340e+03,2.551e+03,nan,nan,nan,nan,nan,nan,nan,nan,nan,nan,nan,nan,nan,nan,nan,nan,nan,nan,nan,nan,nan,nan,
64.800,nan,nan,nan,nan,nan,nan,nan,nan,nan,nan,4.701e+03,2.900e+03,3.305e+03,2.081e+03,2.176e+03,2.235e+03,2.431e+03,3.311e+03,nan,nan,1.585e+03,nan,nan,nan,nan,nan,nan,1.592e+03,nan,nan,nan,nan,nan,nan,nan,nan,nan,nan,nan,nan,nan,nan,nan,nan,nan,nan,nan,nan,nan,nan,
72.000,nan,nan,nan,nan,nan,nan,nan,nan,nan,nan,nan,nan,nan,nan,2.537e+03,1.945e+03,2.780e+03,1.789e+03,2.157e+03,1.686e+03,1.627e+03,1.559e+03,1.570e+03,1.529e+03,nan,nan,nan,nan,nan,nan,nan,nan,nan,nan,nan,nan,nan,nan,nan,nan,nan,nan,nan,nan,nan,nan,nan,nan,nan,nan,
79.200,nan,nan,nan,nan,nan,nan,nan,nan,nan,nan,nan,nan,nan,nan,nan,nan,nan,nan,nan,nan,1.558e+03,nan,nan,nan,nan,nan,nan,nan,nan,nan,nan,nan,nan,nan,nan,nan,nan,nan,nan,nan,nan,nan,nan,nan,nan,nan,nan,nan,nan,nan,
86.400,nan,nan,nan,nan,nan,nan,nan,nan,nan,nan,nan,nan,nan,nan,nan,nan,nan,nan,nan,nan,nan,nan,nan,nan,nan,nan,nan,nan,nan,nan,nan,nan,nan,nan,nan,nan,nan,nan,nan,nan,nan,nan,nan,nan,nan,nan,nan,nan,nan,nan,
