#
# Electrons precipitation map
# Simulation setup: southward IMF, same Solar wind as Aizawa et al. (2021)
# Simulation code: iPIC3D
# Simulation path: /home/flavorenti/Bureau/data_simu_iPIC3D/Mercury_SaeInit/PR0/minusBz/texts/
# Grid X-Axis (first row): local time [deg] from 0 to 360 with 50 equispaced bins
# Grid Y-Axis (first column): latitude [deg.] from -90 to 90 with 25 equispaced bins
# Signature: Federico Lavorenti
#
nan	3.600,10.800,18.000,25.200,32.400,39.600,46.800,54.000,61.200,68.400,75.600,82.800,90.000,97.200,104.400,111.600,118.800,126.000,133.200,140.400,147.600,154.800,162.000,169.200,176.400,183.600,190.800,198.000,205.200,212.400,219.600,226.800,234.000,241.200,248.400,255.600,262.800,270.000,277.200,284.400,291.600,298.800,306.000,313.200,320.400,327.600,334.800,342.000,349.200,356.400,
-86.400,nan,nan,nan,nan,nan,nan,nan,nan,nan,nan,nan,nan,nan,nan,nan,nan,nan,nan,nan,nan,nan,nan,nan,nan,nan,nan,nan,nan,nan,nan,nan,nan,nan,nan,nan,nan,nan,nan,nan,nan,nan,nan,nan,nan,nan,nan,nan,nan,nan,nan,
-79.200,nan,nan,nan,nan,nan,nan,nan,nan,nan,nan,nan,nan,nan,nan,nan,nan,nan,nan,nan,nan,nan,nan,nan,nan,nan,nan,nan,nan,nan,nan,nan,nan,nan,nan,nan,nan,nan,nan,nan,nan,nan,nan,nan,nan,nan,nan,nan,nan,nan,nan,
-72.000,nan,nan,nan,nan,nan,nan,nan,nan,nan,nan,nan,nan,nan,nan,nan,nan,nan,nan,nan,nan,nan,nan,4.969e+03,nan,nan,nan,nan,nan,nan,nan,nan,nan,nan,nan,nan,nan,nan,nan,nan,nan,nan,nan,nan,nan,nan,nan,nan,nan,nan,nan,
-64.800,nan,nan,nan,nan,nan,nan,nan,nan,nan,nan,nan,nan,nan,nan,nan,nan,nan,nan,nan,nan,nan,4.939e+03,5.435e+03,nan,5.049e+03,4.121e+03,nan,nan,nan,nan,nan,nan,nan,nan,nan,nan,nan,nan,nan,nan,nan,nan,nan,nan,nan,nan,nan,nan,nan,nan,
-57.600,nan,nan,nan,nan,nan,nan,nan,nan,nan,nan,nan,nan,nan,nan,nan,nan,nan,nan,4.234e+03,nan,nan,nan,nan,6.017e+03,4.648e+03,6.160e+03,5.611e+03,nan,nan,nan,nan,nan,nan,nan,nan,nan,nan,nan,nan,nan,nan,nan,nan,nan,nan,nan,nan,nan,nan,nan,
-50.400,nan,nan,nan,nan,nan,nan,nan,nan,nan,nan,nan,nan,nan,nan,nan,nan,nan,nan,nan,nan,4.947e+03,4.224e+03,5.437e+03,4.589e+03,4.318e+03,nan,nan,4.880e+03,nan,4.346e+03,nan,nan,nan,nan,nan,nan,nan,nan,nan,nan,nan,nan,nan,nan,nan,nan,nan,nan,nan,nan,
-43.200,nan,nan,nan,nan,nan,nan,nan,nan,nan,nan,nan,nan,nan,nan,nan,nan,5.007e+03,4.757e+03,5.977e+03,4.976e+03,6.549e+03,4.403e+03,4.101e+03,5.910e+03,nan,5.865e+03,5.234e+03,nan,nan,nan,nan,nan,nan,nan,nan,nan,nan,nan,nan,nan,nan,nan,nan,nan,nan,nan,nan,nan,nan,nan,
-36.000,nan,nan,nan,nan,nan,nan,nan,nan,nan,nan,5.716e+03,5.608e+03,4.893e+03,6.081e+03,4.745e+03,5.144e+03,5.512e+03,5.005e+03,5.201e+03,6.342e+03,5.003e+03,5.209e+03,nan,nan,5.676e+03,nan,nan,nan,nan,nan,nan,nan,nan,nan,nan,nan,nan,nan,nan,nan,nan,nan,nan,nan,nan,nan,nan,nan,nan,nan,
-28.800,nan,nan,nan,nan,nan,nan,nan,nan,nan,6.607e+03,4.333e+03,5.125e+03,4.886e+03,4.707e+03,4.962e+03,5.387e+03,5.030e+03,5.116e+03,5.832e+03,5.120e+03,nan,nan,nan,nan,nan,nan,nan,nan,nan,nan,nan,4.420e+03,nan,nan,nan,nan,nan,nan,nan,nan,nan,nan,nan,nan,nan,nan,nan,nan,nan,nan,
-21.600,nan,nan,nan,nan,nan,nan,4.494e+03,4.651e+03,4.807e+03,5.099e+03,5.270e+03,5.023e+03,5.265e+03,5.453e+03,5.146e+03,5.308e+03,4.307e+03,5.379e+03,nan,nan,nan,nan,nan,nan,nan,nan,nan,nan,nan,nan,nan,nan,nan,nan,nan,nan,nan,nan,4.143e+03,nan,nan,5.179e+03,5.248e+03,nan,nan,nan,nan,nan,nan,nan,
-14.400,nan,4.191e+03,4.936e+03,4.553e+03,4.910e+03,4.627e+03,4.579e+03,4.586e+03,4.710e+03,4.251e+03,5.596e+03,4.848e+03,4.925e+03,4.886e+03,4.819e+03,4.892e+03,5.691e+03,nan,nan,nan,nan,nan,nan,nan,nan,nan,nan,nan,nan,nan,nan,nan,nan,nan,nan,nan,nan,nan,nan,nan,5.199e+03,5.217e+03,5.420e+03,5.013e+03,5.006e+03,4.725e+03,4.690e+03,4.682e+03,nan,nan,
-7.200,5.030e+03,4.779e+03,5.190e+03,4.903e+03,4.712e+03,4.619e+03,4.780e+03,4.269e+03,5.316e+03,4.914e+03,4.231e+03,5.154e+03,4.246e+03,5.898e+03,5.120e+03,4.352e+03,5.170e+03,nan,nan,nan,nan,nan,nan,nan,nan,nan,nan,nan,nan,nan,nan,nan,nan,nan,nan,nan,nan,nan,nan,nan,nan,nan,nan,5.423e+03,5.603e+03,5.243e+03,5.122e+03,5.354e+03,5.391e+03,5.574e+03,
0.000,5.455e+03,5.201e+03,4.913e+03,4.524e+03,4.695e+03,4.742e+03,4.276e+03,nan,nan,4.618e+03,nan,nan,nan,nan,nan,4.383e+03,nan,nan,nan,nan,nan,nan,nan,nan,nan,nan,nan,nan,nan,nan,nan,nan,nan,nan,nan,nan,nan,nan,nan,nan,nan,nan,nan,nan,nan,5.442e+03,4.671e+03,4.744e+03,5.660e+03,5.166e+03,
7.200,5.472e+03,5.078e+03,5.110e+03,4.792e+03,4.640e+03,4.350e+03,4.528e+03,4.991e+03,4.488e+03,4.534e+03,4.266e+03,nan,nan,4.181e+03,4.528e+03,nan,nan,nan,nan,nan,nan,nan,nan,nan,nan,nan,nan,nan,nan,nan,nan,nan,nan,nan,nan,nan,nan,nan,nan,nan,nan,nan,nan,nan,nan,nan,nan,4.623e+03,5.820e+03,5.321e+03,
14.400,5.828e+03,5.156e+03,5.153e+03,4.787e+03,nan,nan,4.878e+03,nan,nan,nan,nan,nan,nan,nan,nan,nan,nan,nan,nan,nan,nan,nan,nan,nan,nan,nan,nan,nan,nan,nan,nan,nan,nan,nan,nan,nan,nan,nan,nan,nan,nan,nan,nan,nan,nan,nan,nan,nan,5.438e+03,nan,
21.600,nan,4.881e+03,5.273e+03,4.571e+03,nan,nan,nan,nan,nan,nan,nan,nan,nan,nan,nan,nan,nan,nan,nan,nan,nan,nan,nan,nan,nan,nan,nan,nan,nan,nan,nan,nan,nan,nan,nan,nan,nan,nan,nan,nan,nan,nan,nan,nan,nan,nan,nan,nan,nan,nan,
28.800,nan,5.102e+03,4.873e+03,4.828e+03,nan,nan,4.661e+03,nan,nan,nan,6.641e+03,nan,nan,4.048e+03,nan,nan,nan,nan,nan,nan,nan,nan,nan,nan,nan,nan,nan,nan,nan,nan,nan,nan,nan,nan,nan,nan,nan,nan,nan,nan,nan,nan,nan,nan,nan,nan,nan,nan,nan,nan,
36.000,5.309e+03,4.946e+03,4.979e+03,4.743e+03,4.779e+03,4.728e+03,4.240e+03,4.819e+03,4.369e+03,5.054e+03,5.611e+03,4.379e+03,nan,4.032e+03,nan,4.460e+03,nan,nan,nan,nan,nan,nan,nan,nan,nan,nan,nan,nan,nan,nan,nan,nan,nan,nan,nan,nan,nan,nan,nan,nan,nan,nan,nan,4.675e+03,4.389e+03,4.834e+03,5.270e+03,5.243e+03,5.424e+03,6.250e+03,
43.200,nan,4.861e+03,5.054e+03,4.907e+03,4.843e+03,4.391e+03,4.823e+03,4.861e+03,4.641e+03,4.445e+03,4.624e+03,5.093e+03,5.124e+03,5.140e+03,5.082e+03,5.458e+03,5.137e+03,nan,nan,nan,nan,nan,nan,nan,nan,nan,nan,nan,nan,nan,nan,nan,nan,nan,nan,nan,nan,nan,nan,nan,nan,5.102e+03,5.364e+03,5.218e+03,4.980e+03,5.520e+03,4.949e+03,4.078e+03,5.581e+03,5.617e+03,
50.400,nan,nan,nan,nan,nan,4.575e+03,nan,5.012e+03,5.495e+03,4.066e+03,5.107e+03,4.928e+03,5.095e+03,5.003e+03,5.290e+03,5.489e+03,4.927e+03,4.912e+03,5.539e+03,4.660e+03,nan,nan,nan,nan,nan,nan,nan,nan,nan,nan,nan,nan,nan,nan,nan,nan,nan,nan,nan,nan,nan,nan,4.498e+03,nan,nan,nan,nan,nan,nan,nan,
57.600,nan,nan,nan,nan,nan,nan,nan,nan,5.562e+03,4.201e+03,4.683e+03,4.902e+03,5.639e+03,4.989e+03,5.058e+03,4.787e+03,5.511e+03,5.146e+03,4.952e+03,5.111e+03,5.098e+03,5.474e+03,5.321e+03,4.504e+03,4.358e+03,nan,4.305e+03,nan,nan,nan,nan,nan,nan,nan,nan,nan,nan,nan,nan,nan,nan,nan,nan,nan,nan,nan,nan,nan,nan,nan,
64.800,nan,nan,nan,nan,nan,nan,nan,nan,nan,nan,5.888e+03,nan,nan,4.328e+03,nan,nan,6.215e+03,5.658e+03,5.106e+03,4.579e+03,4.748e+03,4.872e+03,4.965e+03,nan,5.276e+03,5.197e+03,4.512e+03,5.212e+03,nan,nan,nan,nan,nan,nan,nan,nan,nan,nan,nan,nan,nan,nan,nan,nan,nan,nan,nan,nan,nan,nan,
72.000,nan,nan,nan,nan,nan,nan,nan,nan,nan,nan,nan,nan,nan,nan,nan,5.219e+03,nan,nan,nan,nan,nan,nan,nan,nan,nan,nan,nan,nan,nan,nan,nan,nan,nan,nan,nan,nan,nan,nan,nan,nan,nan,nan,nan,nan,nan,nan,nan,nan,nan,nan,
79.200,nan,nan,nan,nan,nan,nan,nan,nan,nan,nan,4.769e+03,nan,nan,nan,nan,nan,nan,nan,nan,nan,nan,nan,nan,nan,nan,nan,nan,nan,nan,nan,nan,nan,nan,nan,nan,nan,nan,nan,nan,nan,nan,nan,nan,nan,nan,nan,nan,nan,nan,nan,
86.400,nan,nan,nan,nan,nan,nan,nan,nan,nan,nan,nan,nan,nan,nan,nan,nan,nan,nan,nan,nan,nan,nan,nan,nan,nan,nan,nan,nan,nan,nan,nan,nan,nan,nan,nan,nan,nan,nan,nan,nan,nan,nan,nan,nan,nan,nan,nan,nan,nan,nan,
